LEVEL3_COD,lon,lat,LEVEL3_NAM,climate_zone,realm,total_sp,big_sp,non_big_sp,prop_big
ABT,-114.4053674,54.98475101,Alberta,Cold,Holarctic,1497,382,1115,0.255177021
AFG,65.94803807,33.82249341,Afghanistan,Arid,Holarctic,4368,1094,3274,0.250457875
AGE,-61.15301332,-32.42759088,Argentina Northeast,Temperate,Neotropical,5055,802,4253,0.158654797
AGS,-68.74247797,-44.12033776,Argentina South,Arid,Chile-Patagonian,1983,370,1613,0.186585981
AGW,-66.27108737,-29.0112714,Argentina Northwest,Arid,Neotropical,5106,931,4175,0.182334508
ALA,-86.83075751,32.78100833,Alabama,Temperate,Holarctic,2846,497,2349,0.174631061
ALB,20.07035164,41.13487928,Albania,Temperate,Holarctic,3215,575,2640,0.178849145
ALD,46.38344867,-9.41279852,Aldabra,Tropical,African,196,32,164,0.163265306
ALG,2.646242132,28.06034369,Algeria,Arid,Saharo-Arabian,3434,470,2964,0.136866628
ALT,84.2117669,51.96974752,Altay,Cold,Holarctic,2440,708,1732,0.290163934
ALU,-173.3799013,52.97734756,Aleutian Is.,Polar,Holarctic,349,91,258,0.260744986
AMU,127.8766296,53.36157409,Amur,Cold,Holarctic,1338,324,1014,0.242152466
AND,92.78025764,12.2773651,Andaman Is.,Tropical,Indo-Malesian,1707,223,1484,0.130638547
ANG,17.56716825,-12.31346487,Angola,Tropical,African,5985,951,5034,0.158897243
ANT,82.07004019,-84.83690917,Antarctica,Polar,Chile-Patagonian,3,0,3,0
ARI,-111.6528606,34.27901204,Arizona,Arid,Holarctic,3430,526,2904,0.15335277
ARK,-92.44611055,34.8948451,Arkansas,Temperate,Holarctic,2032,358,1674,0.176181102
ARU,-69.97711547,12.51668674,Aruba,Arid,Neotropical,284,41,243,0.144366197
ASC,-14.36328665,-7.938079613,Ascension,Arid,African,18,8,10,0.444444444
ASK,-152.1870056,64.03315017,Alaska,Cold,Holarctic,1240,359,881,0.289516129
ASP,77.53289698,-37.9775716,Amsterdam-St.Paul Is.,Temperate,African,18,5,13,0.277777778
ASS,92.84621515,25.47653228,Assam,Temperate,Indo-Malesian,5713,1044,4669,0.182741117
ATP,167.9563429,-51.03933345,Antipodean Is.,Polar,Neovozealandic,151,21,130,0.139072848
AUT,14.11431728,47.59898065,Austria,Cold,Holarctic,2728,687,2041,0.251832845
AZO,-27.04167108,38.27930329,Azores,Temperate,Holarctic,476,79,397,0.165966387
BAH,-76.46092627,24.15745639,Bahamas,Tropical,Neotropical,1022,150,872,0.146771037
BAL,2.894322972,39.56045625,Baleares,Arid,Holarctic,1381,182,1199,0.131788559
BAN,90.27987834,23.82611204,Bangladesh,Temperate,Indo-Malesian,3932,588,3344,0.149542218
BEN,2.342036828,9.641501706,Benin,Tropical,African,2275,301,1974,0.132307692
BER,-64.75642079,32.31349954,Bermuda,Temperate,Holarctic,178,34,144,0.191011236
BGM,4.783549726,50.57506983,Belgium,Temperate,Holarctic,1376,286,1090,0.207848837
BIS,150.6272799,-4.937020455,Bismarck Archipelago,Tropical,Indo-Malesian,1374,326,1048,0.237263464
BKN,-1.746389346,12.27914341,Burkina,Arid,African,1829,287,1542,0.156916348
BLR,28.02923805,53.52849844,Belarus,Cold,Holarctic,1333,279,1054,0.209302326
BLT,24.44338096,56.62840163,Baltic States,Cold,Holarctic,1314,322,992,0.245053272
BLZ,-88.68377787,17.21651409,Belize,Tropical,Neotropical,3337,716,2621,0.21456398
BOL,-64.68374032,-16.6890583,Bolivia,Tropical,Neotropical,13555,2922,10633,0.215566212
BOR,114.1972975,0.866223014,Borneo,Tropical,Indo-Malesian,10819,2180,8639,0.201497366
BOT,23.82523715,-22.16322178,Botswana,Arid,African,2443,349,2094,0.142857143
BRC,-124.3604039,54.55913623,British Columbia,Cold,Holarctic,2123,525,1598,0.247291569
BRY,109.2622227,53.548342,Buryatiya,Cold,Holarctic,1680,424,1256,0.252380952
BUL,25.22461108,42.76377469,Bulgaria,Temperate,Holarctic,3621,761,2860,0.210162938
BUR,29.88690648,-3.356123363,Burundi,Tropical,African,2625,442,2183,0.168380952
BZC,-54.31443871,-15.25978966,Brazil West-Central,Tropical,Neotropical,9457,1605,7852,0.169715555
BZE,-41.73447095,-8.610983251,Brazil Northeast,Tropical,Neotropical,10936,1830,9106,0.167337235
BZL,-45.44320102,-19.71274404,Brazil Southeast,Tropical,Neotropical,17080,3475,13605,0.203454333
BZN,-59.25334379,-4.643100045,Brazil North,Tropical,Neotropical,12885,2190,10695,0.169965076
BZS,-52.2287962,-27.52091972,Brazil South,Temperate,Neotropical,7918,1624,6294,0.205102299
CAB,12.46243476,-5.041072437,Cabinda,Tropical,African,937,74,863,0.078975454
CAF,20.47629816,6.575500962,Central African Republic,Tropical,African,3557,456,3101,0.12819792
CAL,-119.4487815,37.17743865,California,Temperate,Holarctic,5443,845,4598,0.155245269
CAY,-80.83047683,19.43238206,Cayman Is.,Tropical,Neotropical,533,82,451,0.153846154
CBD,104.9195125,12.71345445,Cambodia,Tropical,Indo-Malesian,3692,488,3204,0.132177681
CGS,72.2892253,-7.080733154,Chagos Archipelago,Tropical,Indo-Malesian,46,5,41,0.108695652
CHA,18.65442937,15.30267584,Chad,Arid,African,2109,321,1788,0.152204836
CHC,104.561649,28.4999926,China South-Central,Temperate,Holarctic,18115,4459,13656,0.2461496
CHH,109.7406358,19.20064972,Hainan,Tropical,Indo-Malesian,3186,487,2699,0.152856246
CHI,112.7972283,43.77689733,Inner Mongolia,Arid,Holarctic,2626,631,1995,0.240289414
CHM,126.4235865,45.59948358,Manchuria,Cold,Holarctic,2308,520,1788,0.225303293
CHN,109.5050019,37.55521813,China North-Central,Cold,Holarctic,5101,1163,3938,0.227994511
CHQ,96.04428056,35.77900418,Qinghai,Polar,Holarctic,2113,574,1539,0.27165168
CHS,114.3018347,28.00266443,China Southeast,Temperate,Holarctic,10171,1843,8328,0.181201455
CHT,88.2083635,31.7670226,Tibet,Polar,Holarctic,6408,1887,4521,0.294475655
CHX,85.04887526,41.06923748,Xinjiang,Arid,Holarctic,3322,881,2441,0.265201686
CKI,96.85559528,-12.17188417,Cocos (Keeling) I.,Tropical,Indo-Malesian,75,15,60,0.2
CLC,-71.46430226,-34.87277055,Chile Central,Temperate,Chile-Patagonian,2886,454,2432,0.157311157
CLM,-73.07128228,3.889604802,Colombia,Tropical,Neotropical,23012,6335,16677,0.275291152
CLN,-69.42514685,-23.80375058,Chile North,Arid,Chile-Patagonian,1710,282,1428,0.164912281
CLS,-72.65414953,-47.8240982,Chile South,Polar,Chile-Patagonian,1256,241,1015,0.191878981
CMN,12.73755214,5.675922692,Cameroon,Tropical,African,6781,934,5847,0.137737797
CNT,-72.72848707,41.62596365,Connecticut,Cold,Holarctic,1534,319,1215,0.207953064
CNY,-15.68145068,28.34455601,Canary Is.,Arid,Saharo-Arabian,1456,151,1305,0.103708791
COL,-105.5366817,39.00427296,Colorado,Arid,Holarctic,2627,546,2081,0.207841644
COM,43.97710785,-12.08520284,Comoros,Tropical,African,904,150,754,0.165929204
CON,15.22576735,-0.839183903,Congo,Tropical,African,3957,477,3480,0.120545868
COO,-158.7935048,-20.68493013,Cook Is.,Tropical,Neovozealandic,212,43,169,0.202830189
COR,9.104862398,42.15642561,Corse,Temperate,Holarctic,1994,333,1661,0.167001003
COS,-84.18678793,9.970249086,Costa Rica,Tropical,Neotropical,9476,2709,6767,0.285880118
CPI,-91.73566418,6.626805874,C. American Pacific Is.,Tropical,Neotropical,148,54,94,0.364864865
CPP,22.51103612,-30.89479907,Cape Provinces,Arid,African,15340,1995,13345,0.130052151
CPV,23.25858476,-17.92336606,Caprivi Strip,Arid,African,601,70,531,0.116472546
CRL,146.7352303,7.362389511,Caroline Is.,Tropical,Indo-Malesian,840,138,702,0.164285714
CRZ,51.61530277,-46.34512126,Crozet Is.,Polar,African,15,4,11,0.266666667
CTA,115.9901905,52.77289739,Chita,Cold,Holarctic,1434,350,1084,0.244072524
CTM,-176.5035831,-43.95931105,Chatham Is.,Temperate,Neovozealandic,248,41,207,0.165322581
CUB,-79.00619268,21.63520884,Cuba,Tropical,Neotropical,5513,1174,4339,0.212951206
CVI,-24.09924326,15.98523176,Cape Verde,Arid,African,496,79,417,0.159274194
CYP,33.217171,35.04344836,Cyprus,Temperate,Holarctic,1568,207,1361,0.132015306
CZE,16.95099307,49.36863282,Czechoslovakia,Cold,Holarctic,2501,618,1883,0.24710116
DEL,-75.51182656,38.9960847,Delaware,Temperate,Holarctic,1404,276,1128,0.196581197
DEN,10.06575145,55.95594008,Denmark,Temperate,Holarctic,1105,228,877,0.206334842
DJI,42.57736013,11.74940815,Djibouti,Arid,Saharo-Arabian,758,106,652,0.139841689
DOM,-70.4849514,18.89390168,Dominican Republic,Tropical,Neotropical,3530,832,2698,0.235694051
DSV,-79.96047008,-26.31160806,Desventurados Is.,Arid,Chile-Patagonian,28,1,27,0.035714286
EAI,26.81800383,37.76247998,East Aegean Is.,Temperate,Holarctic,2036,302,1734,0.148330059
EAS,-109.3155275,-27.11768304,Easter Is.,Tropical,Chile-Patagonian,27,8,19,0.296296296
ECU,-78.39261723,-1.452271341,Ecuador,Tropical,Neotropical,16726,5375,11351,0.321355973
EGY,29.55682865,26.32175921,Egypt,Arid,Saharo-Arabian,1587,197,1390,0.124133585
EHM,92.89517492,27.81797114,East Himalaya,Temperate,Holarctic,6976,1686,5290,0.24168578
ELS,-88.86490379,13.73655572,El Salvador,Tropical,Neotropical,3177,624,2553,0.196411709
EQG,10.47597671,1.567930796,Equatorial Guinea,Tropical,African,1367,130,1237,0.095098756
ERI,38.86383638,15.35814124,Eritrea,Arid,Saharo-Arabian,1809,295,1514,0.163073521
ETH,39.62497507,8.617731904,Ethiopia,Tropical,African,4960,889,4071,0.179233871
FAL,-59.36979771,-51.74141395,Falkland Is.,Temperate,Chile-Patagonian,156,35,121,0.224358974
FIJ,178.5446065,-17.46305033,Fiji,Tropical,Neovozealandic,1373,351,1022,0.255644574
FIN,26.17559615,64.24891659,Finland,Cold,Holarctic,1413,602,811,0.426043878
FLA,-82.44226049,28.637934,Florida,Temperate,Holarctic,2931,463,2468,0.157966564
FOR,-6.863301894,62.04844878,Føroyar,Temperate,Holarctic,290,77,213,0.265517241
FRA,2.458286733,46.58490188,France,Temperate,Holarctic,4396,999,3397,0.227252047
FRG,-53.2412441,3.923694465,French Guiana,Tropical,Neotropical,4791,899,3892,0.187643498
GAB,11.79726431,-0.59052097,Gabon,Tropical,African,4878,588,4290,0.120541205
GAL,-90.89334677,-0.562241414,Galápagos,Tropical,Neotropical,476,84,392,0.176470588
GAM,-15.38587896,13.45429747,"Gambia, The",Arid,African,788,112,676,0.14213198
GEO,-83.43637167,32.64284375,Georgia,Temperate,Holarctic,2818,489,2329,0.173527324
GER,10.37222974,51.05363256,Germany,Temperate,Holarctic,2536,628,1908,0.247634069
GGI,7.97460409,2.368574768,Gulf of Guinea Is.,Tropical,African,1689,285,1404,0.168738899
GHA,-1.207225705,7.953868267,Ghana,Tropical,African,3000,393,2607,0.131
GIL,174.3217107,-0.075945877,Gilbert Is.,Tropical,Indo-Malesian,91,16,75,0.175824176
GNB,-14.98785695,12.01649928,Guinea-Bissau,Tropical,African,1409,186,1223,0.132008517
GNL,-41.80673425,73.10455617,Greenland,Polar,Holarctic,436,154,282,0.353211009
GRB,-2.556496267,54.0080402,Great Britain,Temperate,Holarctic,1520,357,1163,0.234868421
GRC,22.66083741,39.34943683,Greece,Temperate,Holarctic,4856,957,3899,0.197075783
GST,53.87769764,24.12406932,Gulf States,Arid,Saharo-Arabian,716,87,629,0.12150838
GUA,-90.35946059,15.69831384,Guatemala,Tropical,Neotropical,7474,1686,5788,0.225582018
GUI,-10.93550749,10.43969957,Guinea,Tropical,African,3360,446,2914,0.132738095
GUY,-58.97207431,4.788235729,Guyana,Tropical,Neotropical,5787,1024,4763,0.176948332
HAI,-72.6852634,18.93849265,Haiti,Tropical,Neotropical,3316,823,2493,0.248190591
HAW,-156.36393,20.27478214,Hawaii,Temperate,Holarctic,991,176,815,0.177598385
HBI,-176.5780382,0.605021388,Howland-Baker Is.,Tropical,Neovozealandic,11,0,11,0
HMD,73.49713158,-53.09066657,Heard-McDonald Is.,Polar,African,11,3,8,0.272727273
HON,-86.62254272,14.81810812,Honduras,Tropical,Neotropical,5954,1270,4684,0.213301982
HUN,19.39693698,47.16961843,Hungary,Temperate,Holarctic,2075,416,1659,0.200481928
ICE,-18.61043476,64.99990569,Iceland,Polar,Holarctic,405,117,288,0.288888889
IDA,-114.6090036,44.36000503,Idaho,Arid,Holarctic,2262,466,1796,0.206012378
ILL,-89.15613806,40.09723736,Illinois,Cold,Holarctic,2075,420,1655,0.202409639
IND,78.38975238,21.62135365,India,Tropical,Indo-Malesian,7420,1238,6182,0.166846361
INI,-86.29106439,39.89959786,Indiana,Cold,Holarctic,1836,376,1460,0.204793028
IOW,-93.49211256,42.07928922,Iowa,Cold,Holarctic,1454,293,1161,0.201513067
IRE,-7.917017618,53.41020329,Ireland,Temperate,Holarctic,882,180,702,0.204081633
IRK,106.0046535,57.0062868,Irkutsk,Cold,Holarctic,1580,422,1158,0.267088608
IRN,54.4676698,32.51656032,Iran,Arid,Saharo-Arabian,7956,2229,5727,0.280165913
IRQ,43.80246011,33.01834049,Iraq,Arid,Saharo-Arabian,3028,517,2511,0.170739762
ITA,12.30682692,43.48194032,Italy,Temperate,Holarctic,4993,1100,3893,0.220308432
IVO,-5.555365669,7.629155707,Ivory Coast,Tropical,African,3606,501,3105,0.138935108
JAM,-77.31931553,18.15182428,Jamaica,Tropical,Neotropical,2485,615,1870,0.247484909
JAP,137.6682298,37.47459144,Japan,Temperate,Holarctic,4193,858,3335,0.204626759
JAW,110.0723153,-7.294528536,Jawa,Tropical,Indo-Malesian,4777,878,3899,0.183797362
JNF,-79.53648656,-33.66589204,Juan Fernández Is.,Temperate,Chile-Patagonian,188,29,159,0.154255319
KAM,162.2446871,58.64369876,Kamchatka,Cold,Holarctic,1015,306,709,0.301477833
KAN,-98.36767289,38.49235553,Kansas,Cold,Holarctic,1653,287,1366,0.173623714
KAZ,67.25443695,48.36533528,Kazakhstan,Arid,Holarctic,5094,1346,3748,0.26423243
KEG,69.47850822,-49.28873742,Kerguelen,Polar,African,24,10,14,0.416666667
KEN,37.85790606,0.529518076,Kenya,Arid,African,6072,1101,4971,0.181324111
KER,-177.9151234,-29.28137533,Kermadec Is.,Temperate,Neovozealandic,80,13,67,0.1625
KGZ,74.52265858,41.47701985,Kirgizistan,Polar,Holarctic,3757,942,2815,0.250731967
KHA,136.756867,54.16903224,Khabarovsk,Cold,Holarctic,1724,397,1327,0.230278422
KOR,127.4575164,38.45042281,Korea,Cold,Holarctic,2823,610,2213,0.216082182
KRA,95.13864686,65.62977956,Krasnoyarsk,Cold,Holarctic,2004,551,1453,0.2749501
KRI,24.94877886,35.246535,Kriti,Temperate,Holarctic,1853,271,1582,0.146249325
KRY,34.32620678,45.27569294,Krym,Arid,Holarctic,2090,360,1730,0.172248804
KTY,-85.29895433,37.53590925,Kentucky,Temperate,Holarctic,1950,374,1576,0.191794872
KUR,150.4362807,46.88821435,Kuril Is.,Cold,Holarctic,1020,265,755,0.259803922
KUW,47.59424704,29.3415494,Kuwait,Arid,Saharo-Arabian,356,33,323,0.092696629
KZN,141.3086739,24.93834927,Kazan-retto,Tropical,Holarctic,126,26,100,0.206349206
LAB,-61.89240402,54.23753975,Labrador,Cold,Holarctic,623,196,427,0.314606742
LAO,103.8006337,18.48765034,Laos,Temperate,Indo-Malesian,4787,762,4025,0.159181116
LBR,-9.305599663,6.447240228,Liberia,Tropical,African,2543,328,2215,0.128981518
LBS,38.34946963,34.95186635,Lebanon-Syria,Arid,Saharo-Arabian,3766,647,3119,0.171800319
LBY,18.08082821,27.03060381,Libya,Arid,Saharo-Arabian,1775,214,1561,0.12056338
LDV,72.88475961,9.902630449,Laccadive Is.,Tropical,Indo-Malesian,179,29,150,0.162011173
LEE,-62.28134892,16.92041675,Leeward Is. AB Ant,Tropical,Neotropical,1758,375,1383,0.21331058
LES,28.24456888,-29.5800342,Lesotho,Temperate,African,1555,280,1275,0.180064309
LIN,-157.2390568,0.851355695,Line Is.,Tropical,Neovozealandic,45,8,37,0.177777778
LOU,-92.00731867,31.06874542,Louisiana,Temperate,Holarctic,2213,348,1865,0.157252598
LSI,123.0899672,-8.66592984,Lesser Sunda Is.,Tropical,Indo-Malesian,2664,443,2221,0.166291291
MAG,164.7779479,65.32946245,Magadan,Cold,Holarctic,1119,373,746,0.333333333
MAI,-69.23983717,45.38366825,Maine,Cold,Holarctic,1422,320,1102,0.225035162
MAN,-97.48709899,54.73969683,Manitoba,Cold,Holarctic,1242,324,918,0.260869565
MAQ,158.8922634,-54.61317505,Macquarie Is.,Polar,Neovozealandic,36,9,27,0.25
MAS,-71.80508447,42.26041547,Massachusetts,Cold,Holarctic,1624,329,1295,0.202586207
MAU,57.55438825,-20.19187695,Mauritius,Tropical,African,761,189,572,0.248357424
MCI,44.89574895,-14.50453792,Mozambique Channel Is.,Tropical,African,70,7,63,0.1
MCS,153.9526793,24.30723303,Marcus I.,Temperate,Holarctic,10,1,9,0.1
MDG,46.74419784,-19.31800413,Madagascar,Tropical,African,10903,2368,8535,0.21718793
MDR,-16.94719552,32.7674405,Madeira,Temperate,Saharo-Arabian,721,102,619,0.14147018
MDV,73.25234239,3.364978018,Maldives,Tropical,Indo-Malesian,153,24,129,0.156862745
MIC,-85.66965879,44.84267722,Michigan,Cold,Holarctic,1768,389,1379,0.220022624
MIN,-94.20050746,46.31474893,Minnesota,Cold,Holarctic,1668,375,1293,0.224820144
MLI,-3.572182309,17.31962165,Mali,Arid,African,1816,279,1537,0.153634361
MLW,34.3003558,-13.20142287,Malawi,Tropical,African,4496,824,3672,0.183274021
MLY,102.1802184,4.026861732,Malaya,Tropical,Indo-Malesian,8098,1276,6822,0.15756977
MNT,-109.6115647,47.05371596,Montana,Arid,Holarctic,2082,473,1609,0.227185399
MOL,127.9899681,-1.419991724,Maluku,Tropical,Indo-Malesian,2607,454,2153,0.174146529
MON,103.1537314,46.96500862,Mongolia,Arid,Holarctic,2824,796,2028,0.281869688
MOR,-6.393531533,31.86797311,Morocco,Arid,Saharo-Arabian,3986,563,3423,0.141244355
MOZ,35.62113536,-17.18244536,Mozambique,Tropical,African,5244,835,4409,0.159229596
MPE,37.76039798,-46.85941134,Marion-Prince Edward Is.,Polar,African,16,5,11,0.3125
MRN,145.1906135,14.88131293,Marianas,Tropical,Holarctic,388,61,327,0.157216495
MRQ,-139.5881661,-9.365043797,Marquesas,Tropical,Chile-Patagonian,244,65,179,0.266393443
MRS,168.62121,8.41334209,Marshall Is.,Tropical,Indo-Malesian,113,16,97,0.14159292
MRY,-76.79961368,39.05664147,Maryland,Temperate,Holarctic,2033,387,1646,0.190359075
MSI,-89.67584664,32.74085637,Mississippi,Temperate,Holarctic,2178,370,1808,0.169880624
MSO,-92.47097504,38.36321815,Missouri,Temperate,Holarctic,1955,372,1583,0.19028133
MTN,-10.35463434,20.2232167,Mauritania,Arid,Saharo-Arabian,988,127,861,0.12854251
MXC,-98.58523462,19.13115498,Mexico Central,Temperate,Neotropical,6965,1284,5681,0.184350323
MXE,-102.9760282,25.81523651,Mexico Northeast,Arid,Neotropical,10602,1701,8901,0.160441426
MXG,-96.38283979,19.36850222,Mexico Gulf,Tropical,Neotropical,7172,1380,5792,0.192414947
MXI,-115.2938297,24.80699797,Mexican Pacific Is.,Arid,Neotropical,242,38,204,0.157024793
MXN,-111.3026087,28.45723785,Mexico Northwest,Arid,Neotropical,6641,970,5671,0.14606234
MXS,-100.6449246,18.85536792,Mexico Southwest,Tropical,Neotropical,13096,2549,10547,0.194639585
MXT,-90.58866751,18.50118201,Mexico Southeast,Tropical,Neotropical,8407,1801,6606,0.21422624
MYA,96.51545787,21.06618756,Myanmar,Temperate,Indo-Malesian,8809,1683,7126,0.191054603
NAM,17.04847031,-22.1735599,Namibia,Arid,African,3733,429,3304,0.114920975
NAT,30.73540142,-28.70269273,KwaZulu-Natal,Temperate,African,4852,798,4054,0.164468261
NBR,-66.36455422,46.62410431,New Brunswick,Cold,Holarctic,977,225,752,0.230296827
NCA,-79.37911244,35.56230649,North Carolina,Temperate,Holarctic,2699,483,2216,0.178955169
NCB,93.6025832,7.506185842,Nicobar Is.,Tropical,Indo-Malesian,1161,158,1003,0.136089578
NCS,42.94259687,44.35736051,North Caucasus,Arid,Holarctic,3883,792,3091,0.203966006
NDA,-100.4561305,47.45124979,North Dakota,Cold,Holarctic,1064,230,834,0.216165414
NEB,-99.7763124,41.53844713,Nebraska,Cold,Holarctic,1393,269,1124,0.193108399
NEP,83.96953145,28.262089,Nepal,Temperate,Indo-Malesian,5548,1252,4296,0.225666907
NET,5.589619058,52.24780414,Netherlands,Temperate,Holarctic,1189,235,954,0.19764508
NEV,-116.6280053,39.33133226,Nevada,Arid,Holarctic,2722,465,2257,0.170830272
NFK,166.220745,-29.58635241,Norfolk Is.,Temperate,Australian,266,42,224,0.157894737
NFL,-56.01224039,48.70520064,Newfoundland,Cold,Holarctic,826,235,591,0.284503632
NGA,8.095388568,9.590391536,Nigeria,Tropical,African,4585,627,3958,0.136750273
NGR,9.343721986,17.41901343,Niger,Arid,Saharo-Arabian,1057,150,907,0.141911069
NIC,-85.03608834,12.83764239,Nicaragua,Tropical,Neotropical,5231,1121,4110,0.214299369
NLA,-68.6927394,12.18807335,Netherlands Antilles,Arid,Neotropical,475,69,406,0.145263158
NNS,126.6714405,25.77765476,Nansei-shoto,Temperate,Holarctic,1474,227,1247,0.154002714
NOR,12.29888651,63.97199349,Norway,Cold,Holarctic,1277,341,936,0.267032106
NRU,166.9300834,-0.522073292,Nauru,Tropical,Indo-Malesian,54,9,45,0.166666667
NSC,-63.33953982,45.15180391,Nova Scotia,Cold,Holarctic,953,210,743,0.220356768
NSW,147.0268708,-32.17371489,New South Wales,Arid,Australian,5655,880,4775,0.1556145
NTA,133.3574873,-19.33758778,Northern Territory,Arid,Australian,3972,599,3373,0.150805639
NUE,-169.8685834,-19.05189749,Niue,Tropical,Neovozealandic,186,37,149,0.198924731
NUN,-90.40498315,69.65966455,Nunavut,Polar,Holarctic,569,208,361,0.365553603
NWC,165.6658807,-21.29566786,New Caledonia,Tropical,Australian,2968,571,2397,0.192385445
NWG,140.8079437,-5.352729893,New Guinea,Tropical,Indo-Malesian,12060,3181,8879,0.263764511
NWH,-71.58209452,43.68368109,New Hampshire,Cold,Holarctic,1344,294,1050,0.21875
NWJ,-74.66480172,40.18446104,New Jersey,Temperate,Holarctic,1770,354,1416,0.2
NWM,-106.111905,34.40882164,New Mexico,Arid,Holarctic,3315,581,2734,0.175263952
NWT,-118.4071033,65.72049109,Northwest Territories,Cold,Holarctic,950,291,659,0.306315789
NWY,-75.69879262,42.99397561,New York,Cold,Holarctic,2066,441,1625,0.213455954
NZN,175.7112481,-38.55174853,New Zealand North,Temperate,Neovozealandic,1231,160,1071,0.12997563
NZS,170.5649378,-43.99623417,New Zealand South,Temperate,Neovozealandic,1677,224,1453,0.133571855
OFS,26.87724177,-28.60683591,Free State,Arid,African,2511,377,2134,0.150139387
OGA,142.1180124,27.00756161,Ogasawara-shoto,Temperate,Holarctic,269,46,223,0.171003717
OHI,-82.71488526,40.40947362,Ohio,Cold,Holarctic,1804,374,1430,0.207317073
OKL,-97.49505779,35.58934585,Oklahoma,Temperate,Holarctic,2162,360,1802,0.166512488
OMA,56.07961128,20.58265901,Oman,Arid,Saharo-Arabian,1287,161,1126,0.125097125
ONT,-85.44927931,49.93897517,Ontario,Cold,Holarctic,1917,467,1450,0.243609807
ORE,-120.5471472,43.93836854,Oregon,Arid,Holarctic,3077,593,2484,0.192720182
PAK,68.6744818,29.31104662,Pakistan,Arid,Saharo-Arabian,4331,865,3466,0.199722928
PAL,36.36676673,31.30285795,Palestine,Arid,Saharo-Arabian,2723,395,2328,0.145060595
PAN,-80.10862654,8.508128089,Panama,Tropical,Neotropical,9111,2571,6540,0.282186368
PAR,-58.43406861,-23.21702601,Paraguay,Tropical,Neotropical,5054,840,4214,0.166204986
PEI,-63.24142219,46.39707572,Prince Edward I.,Cold,Holarctic,615,120,495,0.195121951
PEN,-77.83828088,40.90610848,Pennsylvania,Cold,Holarctic,1953,409,1544,0.209421403
PER,-74.41386758,-9.118194083,Peru,Tropical,Neotropical,19335,5157,14178,0.266718386
PHI,122.908028,11.70141078,Philippines,Tropical,Indo-Malesian,8157,1895,6262,0.232315802
PHX,-171.7277259,-3.418797751,Phoenix Is.,Tropical,Neovozealandic,28,3,25,0.107142857
PIT,-128.4405462,-24.50910818,Pitcairn Is.,Tropical,Chile-Patagonian,91,19,72,0.208791209
POL,19.43067823,52.10936636,Poland,Cold,Holarctic,2040,508,1532,0.249019608
POR,-7.969596285,39.66623711,Portugal,Temperate,Holarctic,2460,369,2091,0.15
PRM,134.6434414,45.15318774,Primorye,Cold,Holarctic,1943,469,1474,0.24137931
PUE,-66.4661435,18.22135943,Puerto Rico,Tropical,Neotropical,2009,414,1595,0.206072673
QLD,144.4617421,-22.50262086,Queensland,Arid,Australian,7779,1259,6520,0.161845996
QUE,-71.76717982,53.02377526,Québec,Cold,Holarctic,1645,425,1220,0.258358663
REU,55.53812543,-21.12159103,Réunion,Temperate,African,727,138,589,0.189821183
RHO,-71.55991836,41.68349928,Rhode I.,Cold,Holarctic,1202,223,979,0.185524126
ROD,63.41352392,-19.71779542,Rodrigues,Tropical,African,168,34,134,0.202380952
ROM,24.97899314,45.8391852,Romania,Cold,Holarctic,3035,665,2370,0.219110379
RUC,39.7425862,54.83651108,Central European Russia,Cold,Holarctic,1817,453,1364,0.249312053
RUE,53.82182152,55.95614278,East European Russia,Cold,Holarctic,2290,616,1674,0.268995633
RUN,45.49439951,64.51780875,North European Russia,Cold,Holarctic,1378,416,962,0.301886792
RUS,44.6233412,48.86277937,South European Russia,Arid,Holarctic,2092,402,1690,0.192160612
RUW,31.18208683,58.74410132,Northwest European Russia,Cold,Holarctic,1239,336,903,0.271186441
RWA,29.91729106,-1.99797274,Rwanda,Tropical,African,2355,431,1924,0.183014862
SAK,142.711389,50.24696879,Sakhalin,Cold,Holarctic,1123,289,834,0.257346394
SAM,-172.0329104,-13.7971526,Samoa,Tropical,Neovozealandic,608,144,464,0.236842105
SAR,9.029199313,40.08640443,Sardegna,Temperate,Holarctic,1941,268,1673,0.138073158
SAS,-105.8738254,54.19517514,Saskatchewan,Cold,Holarctic,1172,282,890,0.240614334
SAU,44.71293945,23.98409453,Saudi Arabia,Arid,Saharo-Arabian,2004,307,1697,0.153193613
SCA,-80.89444109,33.91579709,South Carolina,Temperate,Holarctic,2454,430,2024,0.175224124
SCI,-149.886828,-17.45280893,Society Is.,Tropical,Neovozealandic,415,87,328,0.209638554
SCS,114.3609259,13.03975439,South China Sea,Tropical,Indo-Malesian,202,28,174,0.138613861
SCZ,166.2231697,-10.9918016,Santa Cruz Is.,Tropical,Indo-Malesian,208,42,166,0.201923077
SDA,-100.2166076,44.44574753,South Dakota,Cold,Holarctic,1354,276,1078,0.203840473
SEL,-15.86268657,30.14296054,Selvagens,Arid,Saharo-Arabian,95,8,87,0.084210526
SEN,-14.46407502,14.36556572,Senegal,Arid,African,2057,324,1733,0.157510938
SEY,55.52180785,-4.701416173,Seychelles,Tropical,African,309,59,250,0.190938511
SGE,-36.72372474,-54.35779129,South Georgia,Polar,Chile-Patagonian,15,5,10,0.333333333
SIC,14.14845372,37.56628716,Sicilia,Temperate,Holarctic,2386,369,2017,0.154652137
SIE,-11.79201973,8.559551306,Sierra Leone,Tropical,African,2521,305,2216,0.120983737
SIN,33.77032371,29.69838615,Sinai,Arid,Saharo-Arabian,1227,150,1077,0.122249389
SOA,135.7575392,-30.07553512,South Australia,Arid,Australian,3118,418,2700,0.134060295
SOC,53.78332354,12.49195325,Socotra,Arid,Saharo-Arabian,755,104,651,0.137748344
SOL,158.3233386,-8.14868981,Solomon Is.,Tropical,Indo-Malesian,1808,369,1439,0.20409292
SOM,45.84027734,6.048440239,Somalia,Arid,Saharo-Arabian,3098,554,2544,0.178825048
SPA,-3.561906317,40.36632734,Spain,Arid,Holarctic,5471,1039,4432,0.189910437
SRL,80.70482778,7.610678709,Sri Lanka,Tropical,Indo-Malesian,3207,487,2720,0.151855316
SSA,-26.66075559,-58.1512248,South Sandwich Is.,Polar,Chile-Patagonian,2,0,2,0
STH,-5.717270939,-15.96202422,St.Helena,Arid,African,49,12,37,0.244897959
SUD,30.06561908,13.8148321,Sudan,Arid,African,3854,607,3247,0.157498703
SUL,121.2951379,-2.102603289,Sulawesi,Tropical,Indo-Malesian,3864,799,3065,0.206780538
SUM,101.6406133,-0.478077984,Sumatera,Tropical,Indo-Malesian,6655,1298,5357,0.195041322
SUR,-55.91166776,4.125999405,Surinam,Tropical,Neotropical,4152,725,3427,0.174614644
SVA,17.99627694,78.77089603,Svalbard,Polar,Holarctic,169,64,105,0.378698225
SWC,-85.11711137,15.43758024,Southwest Caribbean,Tropical,Neotropical,263,36,227,0.136882129
SWE,16.26310684,62.39205202,Sweden,Cold,Holarctic,1807,700,1107,0.387382402
SWI,8.232216071,46.8036004,Switzerland,Temperate,Holarctic,2459,641,1818,0.260675071
SWZ,31.49713148,-26.56118768,Swaziland,Arid,African,2502,401,2101,0.160271783
TAI,120.9565629,23.7444026,Taiwan,Temperate,Indo-Malesian,3696,666,3030,0.180194805
TAN,34.81213031,-6.262746947,Tanzania,Tropical,African,9272,1620,7652,0.174719586
TAS,146.5988821,-41.9368226,Tasmania,Temperate,Neovozealandic,1659,176,1483,0.106088005
TCI,-71.88191114,21.80887812,Turks-Caicos Is.,Tropical,Neotropical,398,54,344,0.135678392
TCS,45.63686257,41.01659557,Transcaucasus,Cold,Holarctic,5333,1110,4223,0.208138009
TDC,-11.20947816,-38.63416181,Tristan da Cunha,Temperate,Neotropical,57,8,49,0.140350877
TEN,-86.35475795,35.86610236,Tennessee,Temperate,Holarctic,2286,436,1850,0.190726159
TEX,-99.32924747,31.47758047,Texas,Temperate,Holarctic,4544,679,3865,0.149427817
THA,101.0125737,15.08422201,Thailand,Tropical,Indo-Malesian,10239,1684,8555,0.164469186
TKM,59.45945691,39.132229,Turkmenistan,Arid,Holarctic,2600,536,2064,0.206153846
TOG,0.97739295,8.5303726,Togo,Tropical,African,1962,310,1652,0.158002039
TOK,-164.6708772,-9.815168579,Tokelau-Manihiki,Tropical,Neovozealandic,61,15,46,0.245901639
TON,-174.8213497,-19.96866666,Tonga,Tropical,Neovozealandic,428,66,362,0.154205607
TRT,-61.252926,10.4681641,Trinidad-Tobago,Tropical,Neotropical,2310,462,1848,0.2
TUA,-145.2876641,-16.02879055,Tuamotu,Tropical,Chile-Patagonian,131,25,106,0.190839695
TUB,-150.0789541,-23.09844099,Tubuai Is.,Tropical,Neovozealandic,264,53,211,0.200757576
TUE,27.29704636,41.26052498,Turkey-in-Europe,Temperate,Holarctic,2132,328,1804,0.153846154
TUN,9.565007622,34.08071712,Tunisia,Arid,Saharo-Arabian,2311,282,2029,0.122025097
TUR,35.42360962,39.06082958,Turkey,Temperate,Holarctic,9545,2251,7294,0.235830278
TUV,178.1960678,-7.586409678,Tuvalu,Tropical,Neovozealandic,46,6,40,0.130434783
TVA,94.76217756,51.59019552,Tuva,Cold,Holarctic,1584,432,1152,0.272727273
TVL,28.10632996,-25.26948602,Northern Provinces,Arid,African,5089,798,4291,0.156808803
TZK,71.05534852,38.53396996,Tadzhikistan,Polar,Holarctic,4200,1077,3123,0.256428571
UGA,32.38582496,1.27962105,Uganda,Tropical,African,4443,763,3680,0.171730813
UKR,31.16311361,49.09810049,Ukraine,Cold,Holarctic,2933,632,2301,0.215479032
URU,-56.01924472,-32.79131577,Uruguay,Temperate,Neotropical,2455,413,2042,0.168228106
UTA,-111.6676725,39.31024982,Utah,Arid,Holarctic,2849,534,2315,0.187434187
UZB,63.33165625,41.77089629,Uzbekistan,Arid,Holarctic,3825,1002,2823,0.261960784
VAN,167.6939542,-16.1916359,Vanuatu,Tropical,Australian,993,207,786,0.208459215
VEN,-66.15773527,7.116930991,Venezuela,Tropical,Neotropical,14941,3104,11837,0.207750485
VER,-72.6632708,44.07653855,Vermont,Cold,Holarctic,1420,324,1096,0.228169014
VIC,144.2846189,-36.86438604,Victoria,Temperate,Australian,3184,438,2746,0.137562814
VIE,106.3507731,16.54877192,Vietnam,Temperate,Indo-Malesian,10702,1845,8857,0.172397683
VNA,-64.34858666,11.058544,Venezuelan Antilles,Arid,Neotropical,743,135,608,0.181695828
VRG,-78.83584968,37.52771559,Virginia,Temperate,Holarctic,2394,437,1957,0.182539683
WAK,166.6381915,19.30151619,Wake I.,Tropical,Holarctic,22,3,19,0.136363636
WAL,-177.1397321,-13.78513958,Wallis-Futuna Is.,Tropical,Neovozealandic,256,52,204,0.203125
WAS,-120.4366255,47.38882083,Washington,Temperate,Holarctic,2298,482,1816,0.209747607
WAU,122.2807796,-25.3290988,Western Australia,Arid,Australian,10439,1369,9070,0.13114283
WDC,-77.00956513,38.911623,District of Columbia,Temperate,Holarctic,987,209,778,0.211752786
WHM,76.7357897,33.29000901,West Himalaya,Polar,Saharo-Arabian,4978,1076,3902,0.216151065
WIN,-60.99485122,14.09139437,Windward Is.,Tropical,Neotropical,1730,365,1365,0.210982659
WIS,-89.71504615,44.6289919,Wisconsin,Cold,Holarctic,1690,356,1334,0.210650888
WSA,-13.18098962,24.64573547,Western Sahara,Arid,Saharo-Arabian,387,34,353,0.087855297
WSB,72.96386899,61.53519883,West Siberia,Cold,Holarctic,2051,547,1504,0.266699171
WVA,-80.62188379,38.63964022,West Virginia,Temperate,Holarctic,1625,316,1309,0.194461538
WYO,-107.543063,43.00201378,Wyoming,Arid,Holarctic,2153,467,1686,0.216906642
XMS,105.7036982,-10.44411444,Christmas I.,Tropical,Indo-Malesian,185,26,159,0.140540541
YAK,129.1850849,65.97439786,Yakutskiya,Cold,Holarctic,1693,522,1171,0.308328411
YEM,47.54739567,15.84614791,Yemen,Arid,Saharo-Arabian,2004,312,1692,0.155688623
YUG,18.79626782,44.15462382,Yugoslavia,Temperate,Holarctic,4773,1020,3753,0.213702074
YUK,-135.1695771,63.4639281,Yukon,Cold,Holarctic,1023,316,707,0.308895406
ZAI,23.64822303,-2.864259063,Zaïre,Tropical,African,9102,1450,7652,0.159305647
ZAM,27.83161805,-13.45037999,Zambia,Temperate,African,6025,1080,4945,0.179253112
ZIM,29.87131088,-18.99279997,Zimbabwe,Arid,African,4999,827,4172,0.165433087
